Mean Low,CIleft Low,CIright Low,Mean High,CIleft High,CIright High
0.5356583127426756,0.5331565690982978,0.5381600563870532,0.5356583127426756,0.5331565690982978,0.5381600563870532
0.5425202965054714,0.5408731783775051,0.5441674146334372,0.5425202965054714,0.5408731783775051,0.5441674146334372
0.5458383339216377,0.5442100516267924,0.5474666162164833,0.5458383339216377,0.5442100516267924,0.5474666162164833
0.549636427815037,0.5480854202512182,0.551187435378856,0.549636427815037,0.5480854202512182,0.551187435378856
